wp_id,wp_name,task_id,task_name,requirements,optimistic,likely,pessimistic,status,actual_hours
WP-1,Check-in Questions,T-1.1,Add in the check in question,FR-QUES-01,1,2,3,todo,
WP-1,Check-in Questions,T-1.2,Submiting the check in questions,FR-QUES-01;NFR-004,1,2,3,todo,
WP-1,Check-in Questions,T-1.3,Check for missing check in questions,FR-QUES-01,1,2,3,todo,
WP-1,Check-in Questions,T-1.4,Save failure,FR-QUES-01,1,2,3,todo,
WP-1,Check-in Questions,T-1.5,Edit a check in response,FR-QUES-02,1,2,3,todo,
WP-1,Check-in Questions,T-1.6,Count of completed check ins,FR-QUES-03,1,2,3,todo,
WP-2,Overview,T-2.1,Create the weekly graphs,FR-OVER-01,1,2,4,todo,
WP-2,Overview,T-2.2,Create the monthly graphs,FR-OVER-01,1,2,4,todo,
WP-2,Overview,T-2.3,Empty graphs view,FR-OVER-01,1,3,4,todo,
WP-2,Overview,T-2.4,Graphs loading view,FR-OVER-01,1,3,4,todo,
WP-2,Overview,T-2.5,Extra goals at the top,FR-OVER-02,1,2,3,todo,
WP-3,Journal,T-3.1,Create the text area for the entry,FR-JOU-01,1,2,3,todo,
WP-3,Journal,T-3.2,Submiting the journal entry,FR-JOU-01,2,3,5,todo,
WP-3,Journal,T-3.3,Handle blank journal entries,FR-JOU-01,3,5,12,todo,
WP-3,Journal,T-3.4,Crashes and save failure,FR-JOU-01,3,4,12,todo,
WP-3,Journal,T-3.5,Edit Journal Entry,FR-JOU-02,1,2,3,todo,
WP-3,Journal,T-3.6,Text Length Counting & Warning,FR-JOU-03,1,2,3,todo,
WP-4,Destressing activities,T-4.1,Create the 5 sections for the destressing activities,FR-ACT-01,1,2,3,todo,
WP-4,Destressing activities,T-4.2,Create the breathing activities,FR-ACT-01,2,3,5,todo,
WP-4,Destressing activities,T-4.3,Create the creative and sounds activities,FR-ACT-01,2,3,4,todo,
WP-4,Destressing activities,T-4.4,Create the physical and self care activities,FR-ACT-01,1,2,3,todo,
WP-4,Destressing activities,T-4.5,Handle failure and resume state,FR-ACT-01,1,3,4,todo,
WP-4,Destressing activities,T-4.6,Random Activity Chooser,FR-ACT-01,1,2,3,todo,
WP-5,AI Analysis,T-5.1,Link the Mobile app to the Supabase Edge Function,FR-AIA-01;FR-AIA-04,1,2,4,todo,
WP-5,AI Analysis,T-5.2,Link the Supabase Edge Function to the Gemini AI API,FR-AIA-01;FR-AIA-04,1,2,4,todo,
WP-5,AI Analysis,T-5.3,Provide predetermined prompts for suggestion based explanations and destressing activities,FR-AIA-01;FR-AIA-04,1,2,3,todo,
WP-5,AI Analysis,T-5.4,Select the check ins and journal entries wanted for the analysis,FR-AIA-01;FR-AIA-04;NFR-PRIV-01;NFR-PRIV-02,2,3,4,todo,
WP-5,AI Analysis,T-5.5,Display and check the received response,FR-AIA-01;FR-AIA-04;NFR-PERF-01,1,3,4,todo,
WP-5,AI Analysis,T-5.6,Keyword Fallback analysis and testing it,FR-AIA-01;FR-AIA-04;NFR-AVA-01,2,3,5,todo,
WP-6,Setup,T-6.1,Set up the repository and the CI,-,1,2,3,todo,
WP-6,Setup,T-6.2,Spike: Expo/React Native and SQLite set up,FR-QUES-01;FR-JOU-01,1,2,3,todo,
WP-7,Pass through tests,T-7.1,Reliability pass through,NFR-REL-01;NFR-USE-01;NFR-SEC-02,1,2,3,todo,
WP-7,Pass through tests,T-7.2,Portibility pass through,NFR-PORT-01;NFR-PORT-02;NFR-PORT-03,1,2,3,todo,
WP-7,Pass through tests,T-7.3,Accessibility pass through,NFR-ACC-01;NFR-ACC-02;NFR-USE-02,1,2,3,todo,
WP-8,Deployment and release,T-8.1,README,NFR-MNT-01,2,4,5,todo,
WP-8,Deployment and release,T-8.2,Runbook and handoff guide,-,2,3,5,todo,
WP-8,Deployment and release,T-8.3,Deploy with configured secrets and a smoke check,NFR-SEC-01,2,3,5,todo,
