req_id,type,priority,requirement,source,design_element,test_id,measurement_method,status
ExFR-001,functional,Must,A signed-in user can add a food item with a name and an expiry date,charter,AddItemForm + POST /items,ExT-001,acceptance criteria AC-001..003,planned
ExFR-002,functional,Must,A signed-in user can see all items sorted by soonest expiry,charter,PantryListView + GET /items,ExT-002,acceptance criteria AC-004..005,planned
ExFR-003,functional,Must,A signed-in user can mark an item as used or discarded,charter,ItemRow action menu,ExT-003,acceptance criteria AC-006,planned
ExFR-004,functional,Should,A user can look up an item by scanning or typing a barcode,stakeholder interview 2,BarcodeLookupService,ExT-004 Test by scanning in or typing in a barcode checking that each test returns the correct item each time,acceptance criteria AC-007,planned
ExFR-005,functional,Should,A household can share one pantry between multiple accounts,stakeholder interview 1,Demote FR-005 to Could and record the decision,ExT-005 Test by having each individual in the household can fully access and functionaltiy by changing, adding, or deleting items in the pantry,acceptance criteria AC-008..009,planned
ExFR-006,functional,Could,The app suggests one recipe from items expiring within three days,stakeholder interview 1,RecipeSuggestionService,ExT-006,acceptance criteria AC-010,planned
ExNFR-PERF-01,non-functional,Must,p95 load of the pantry list under 1.5 s with 200 seeded records on a throttled Fast-3G profile,Ch4 performance,PantryListView + list index,ExT-101,"dev-tools throttling, 20 loads, record p95",planned
ExNFR-PERF-02,non-functional,Should,Barcode lookup returns or times out within 3 s,Ch4 performance,BarcodeLookupService,ExT-102,Measured by testing 10 times that a barcode lookup either returns or times out expecting that the recording times are within in p25 under 3 seconds,planned
ExNFR-SEC-01,non-functional,Must,No credential token or key appears in the repository at any commit,Ch4 security,CI secret-scan step,ExT-103,secret scan over full history in CI with zero findings,planned
ExNFR-SEC-02,non-functional,Must,Every write endpoint verifies the caller owns the target household server-side,Ch4 security,AuthorizationMiddleware,ExT-104,one negative test per write endpoint,planned
ExNFR-PRIV-01,non-functional,Must,A user can delete their account and every row referencing it in one action,Ch4 privacy,AccountDeletionService,ExT-105,"create data, delete account, query every table for the user id, expect zero rows",planned
ExNFR-PRIV-02,non-functional,Must,No item name or user identifier is sent to a third-party model without an explicit opt-in,Ch4 privacy,IdentifierOptService - Add the design element that will remove any names or user identifiers when the opting out is clicked on the opt pop up,T-007 Test that the opt in and out work when a user clicks either option checking that the item name or user identifier are only sent when the opt in is explicitly clicked by the user, otherwise, neither shall be sent to a third-party model,redaction unit test on the request builder,planned
ExNFR-ACC-01,non-functional,Must,Every interactive control is keyboard reachable and operable with a visible focus indicator,Ch4 accessibility,global focus styles,ExT-106,manual pass with the mouse unplugged over the three core tasks,planned
ExNFR-ACC-02,non-functional,Must,Body text meets a 4.5:1 contrast ratio against its background,Ch4 accessibility,design tokens,ExT-107,contrast checker on every token pair used for text,planned
ExNFR-MNT-01,non-functional,Must,A clean clone reaches a running app in under 10 minutes using only the README,Ch4 maintainability,setup script + README,ExT-108,"clean-machine test, timed, once per iteration",planned

req_id,type,priority,requirement,source,design_element,test_id,measurement_method,status
FR-QUES-01,functional,Must,An individual with stress shall be able to complete a check in question that asks about their stress when they open the app,Elicitation Interview with Stella,AddCheckInResponse,T-001,acceptance criteria AC-001..003,planned
FR-QUES-02,functional,Should,An individual with stress shall be able to edit a check in question they did that day when selecting edit to change a response about their stressors,Elicitation Interview with Stella & my decision,EditCheckInResponse,T-002,acceptance criteria AC-004..006,planned
FR-QUES-03,functional,Should,An individual with stress shall be able to see how many check ins they completed through a toast when they submit a check in,My Decision,CountOfCompletedCheckIns,T-003,acceptance criteria AC-007..008,planned
FR-OVER-01,functional,Must,An individual with stress shall be able to see how their stress is doing from the results of the check ins in weekly/monthly views when they open up the weekly/monthly views on the overview page,Elicitation Interview with Stella & my decision & The next maintainer,StressWeeklyMonthlyView,T-004,acceptance criteria AC-009..011,planned
FR-OVER-02,functional,Should,An individual with stress shall be able to choose stress relieving based goals either a predetermined one or custom written one for the week and month when they enter in the overview page,Elicitation Interview with Stella & my decision,ExtraGoals,T-005,acceptance criteria AC-012..013,planned
FR-JOU-01,functional,Must,An individual with stress shall be able to add in a journal entry that describes their stress and stressors when a journal entry box is clicked,Elicitation Interview with Stella,AddJournalEntry,T-006,acceptance criteria AC-014..017,planned
FR-JOU-02,functional,Should,An individual with stress shall be able to edit a journal entry they did that day when it is clicked to include more about what is stressing them or to add in things that are stressing them,Elicitation Interview with Stella,EditJournalEntry,T-007,acceptance criteria AC-018..020,planned
FR-JOU-03,functional,Could,An individual with stress shall be able to see the word count when writing a journal entry about their stress,My Decision,TextLengthCountingWarning,T-008,acceptance criteria AC-021..022,planned
FR-ACT-01,functional,Must,An individual with stress shall be able to click/play a destressing activity when they choose one out of one of the sections choices,Elicitation Interview with Stella,DestressingAid,T-009,acceptance criteria AC-023..025,planned
FR-ACT-03,functional,Should,An individual with stress shall be able to click an option to get a random automatic destressing activity option when the pop up appears and that directs the individual to the activity that was randomly chosen when clicked on,My Decision,RandomActivityChooser,T-010,acceptance criteria AC-026..027,planned
FR-AIA-01,functional,Must,An individual with stress shall be able to click from a predetermined prompt to ask AI for a suggestion based explanation of their stress when they open the AI Analysis page,Elicitation Interview with Stella,PromptAIAnalysisStressExplanation,T-011,acceptance criteria AC-028..31,planned
FR-AIA-05,functional,Must,An individual with stress shall be able to click from a predetermined prompt to ask AI for a suggestion for destressing aid when they open the AI Analysis page,Elicitation Interview with Stella,PromptAIAnalysisDestressingAid,T-012,acceptance criteria AC-032..35,planned
NFR-PERF-01,non-functional,Must,Stressed individuals shall be able to get a response from the AI Analysis in a p95 under 25 seconds when there is at least 1 check in and journal entry recorded on an iPhone with throttled "Fast 3G" connection in Expo Go,Ch4 Performance,AIAnalysisService,T-101,Measured with 20 prompts to the AI Analysis and recording the p95 result in `docs/measurements.md` expecting that it is under 25,planned
NFR-REL-01,non-functional,Must,Stressed individuals shall be able to run the app 9 out of 10 times when entering it with 0 unhandled exceptions and errors,Ch4 Reliability,AppEntering,T-102,Measured with 10 opening and closings of the app and the times it succeeded vs failed which expects 9 successes out of the 10,planned
NFR-AVA-01,non-functional,Must,When Gemini is unavailable the app shall display the predetermined fallback response within 30 seconds for 10 out of 10 simulated failures,Ch4 Availability,AiUnavailableFallback,T-103,Measured by testing with a simulated timeout an API error and an invalid response then recording whether the fallback appears as expected in 10 simulated failures,planned
NFR-SEC-01,non-functional,Must,Stressed individuals data shall be breached 0 times when the repository has 0 AI API key's in any commit,Ch4 Security,SecretManagement,T-104,Measured by scanning over the full history going over every commit made to GitHub and checking that the .env is in the gitignore and expecting that there are 0 secrets found when this is done,planned
NFR-SEC-02,non-functional,Must,The app shall expose 0 technical error details API keys database errors or provider error details in 10 simulated failure cases instead it will proved general error messages,Ch4 Security,TechnicalErrorManagement,T-105,Measured by simulating 10 save API and database failures then expecting that 0 are recorded with contain technical error details API keys or database information,planned
NFR-PRIV-01,non-functional,Must,Stressed individuals check in responses and journal entries shall be sent to Gemini AI 0 times unless the stressed individual prompts for an AI Analysis request,Ch4 Privacy,AiAnalysisPromptHandling,T-106,Measured by checking the AI request page after doing 7 check ins and 7 journal entries expecting that the responses and entries were sent 0 times to Gemini AI,planned
NFR-PRIV-02,non-functional,Must,Each AI request shall send only the check-in responses journal entry and the predetermined prompt when prompted for that analysis. It shall send 0 unrelated personal information or device information,Ch4 Privacy,AiPromptOnly,T-107,Measured by sending 10 test requests with sample data checking each request to make sure it includes 0 unrelated information,planned
NFR-ACC-01,non-functional,Must,Stressed individuals shall be able to go through each 5 main features in the app with 0 problems as each will have easy readable fonts and text size and contrasts in colors,Ch4 Accessibility,UiDesign,T-108,Measured with 5 individuals that go through the app with the grayscale setting on expecting 4 out the 5 individuals have 0 problems going through the app,planned
NFR-ACC-02,non-functional,Must,The app shall show success failure and loading states and message without relying on color alone in 5 out of the 5 tests,Ch4 Accessibility,UiMessagesDesign,T-109,Measured by turning on the grayscale mode and checking the 5 main features expecting the recording shows that 0 main feature rely on color alone and that all 5 main feature pass the 5 tests,planned
NFR-USE-01,non-functional,Should,Stressed individuals first time on the app 4 out of 5 of them shall be able to complete 1 check in journal entry and AI Anylsis prompt request when they go through the app without help,Ch4 Usability,AppUsageCompletion,T-110,Measured with 5 first time stressed individuals app usage completion expecting 4 passing out of 5,planned
NFR-USE-02,non-functional,Should,Stressed individuals first time on the app 4 out of 5 of them shall be able to correctly identify whether a journal entry or check-in was saved after both a successful and failed save attempt,Ch4 Usability,IdentifySaving,T-111,Measured with 5 users in both scenarios with 0 assistance and recording their answers,planned
NFR-MNT-01,non-functional,Must,New stressed individuals shall be able to use only the README when creating a clean clone of the repository to reach a running app in under 10 minutes with 0 errors,Ch4 Maintainability,CleanSetup,T-112,Measured through testing this on a clean computer and that the app works on an iPhone in Expo Go recording how long it took which expects under 10 mintues and expecting 0 errors,planned
NFR-PORT-01,non-functional,Should,Stressed individuals shall be able to run the app and complete the a least 1 check in journal entry and AI Anaylsis when on 2 different operting systems both iOS and Android,Ch4 Portability,OpertingSystemCompatibility,T-113,Measured through testing and recording that each feature works on an iPhone and Android expecting that all 5 main features have 0 errors,planned
NFR-PORT-02,non-functional,Should,The app shall work when in portrait mode and cut of 0 main buttons or controls,Ch4 Portability,CleanPortraitMode,T-114,Measured by testing every main screen in portrait mode expecting that all 5 main feautre work recording any controls that are cut off or cannot be reached though expecting 0 fail to work,planned
NFR-PORT-03,non-functional,Should,The app shall work when in landscape mode and cut of 0 main buttons or controls,Ch4 Portability,CleanLandscapeMode,T-115,Measured by testing every main screen in landscape mode expecting that all 5 main feautre work recording any controls that are cut off or cannot be reached though expecting 0 fail to appear or work properly,planned
